{
  "elements": [
    {
      "name": "body",
      "pos": [-1.7763568394002505e-15, 0, 1.2434497875801753e-14],
      "width": 17.6,
      "height": 20.8
    }, {
      "name": "head",
      "pos": [0, 13.400000000000013, 15.799999999999986],
      "width": 11.2,
      "height": 7.999999999999957,
      "ref": "head"
    }, {
      "name": "tail",
      "pos": [-2.6645352591003757e-15, 10.400000000000002, -14.599999999999998],
      "width": 11.200000000000001,
      "height": 7.999999999999989
    }
  ]
}