{"elements": [{"name": "body", "pos": [-7.105427357601002e-15, 0, -3.4999999999999876], "width": 22.6, "height": 23.8},{"name": "head", "pos": [-3.552713678800501e-15, 8.700000000000019, 16.99999999999997], "width": 16.8, "height": 9.999999999999941},{"name": "tail", "pos": [-2.6645352591003757e-15, 7.400000000000002, -23.599999999999998], "width": 11.200000000000001, "height": 10.99999999999999}]}