{"elements": [{"name": "body", "pos": [0, 0, -1.7999999999999936], "width": 25.6, "height": 22.4},{"name": "head", "pos": [2.6645352591003757e-15, 8.799999999999999, 17.799999999999997], "width": 12.800000000000002, "height": 10.00000000000002},{"name": "tail", "pos": [0, 8, -24.5], "width": 14, "height": 10}]}