{"elements": [{"name": "body", "pos": [-0.2000000000000064, 0, -0.7999999999999874], "width": 15.200000000000003, "height": 18.8},{"name": "head", "pos": [0.09999999999999609, 8.700000000000019, 14.59999999999997], "width": 15.600000000000001, "height": 9.999999999999941},{"name": "tail", "pos": [-2.6645352591003757e-15, 9.400000000000002, -14.599999999999998], "width": 11.200000000000001, "height": 7.999999999999989}]}