{"elements": [{"name": "body", "pos": [0, 0, -1], "width": 16, "height": 16},{"name": "head", "pos": [2.6645352591003757e-15, 5, 13.500000000000005], "width": 11.199999999999994, "height": 8}]}