{"elements": [{"name": "body", "pos": [-7.105427357601002e-15, 0, 1.0000000000000053], "width": 19.200000000000003, "height": 24},{"name": "head", "pos": [0, 15.299999999999999, 18.4], "width": 12.8, "height": 19.200000000000024},{"name": "tail", "pos": [0, 12.80000000000001, -16.9], "width": 16, "height": 10.99999999999996}]}