{"elements": [{"name": "body", "pos": [5.329070518200751e-15, -3, -1.9999999999999947], "width": 19.19999999999999, "height": 19},{"name": "head", "pos": [0, -0.5, 16], "width": 16, "height": 11.2},{"name": "tail", "pos": [0, 1.1, -21], "width": 16, "height": 7.9999999999999964}]}