{"elements": [{"name": "body", "pos": [-0.2000000000000064, 0, 1.7000000000000135], "width": 20.200000000000003, "height": 31.8},{"name": "head", "pos": [0.09999999999999609, 21.700000000000017, 20.59999999999997], "width": 15.600000000000001, "height": 22.999999999999943},{"name": "tail", "pos": [-2.6645352591003757e-15, 17.400000000000002, -14.599999999999998], "width": 11.200000000000001, "height": 7.999999999999989}]}