{"elements": [{"name": "body", "pos": [0, 3, 8.200000000000014], "width": 33.2, "height": 26.799999999999997},{"name": "head", "pos": [0.09999999999999609, 10.700000000000017, 35.599999999999966], "width": 15.600000000000001, "height": 16.999999999999943},{"name": "tail", "pos": [-2.6645352591003757e-15, 7.400000000000002, -16.099999999999998], "width": 14.200000000000001, "height": 20},{"name": "tail2", "pos": [-2.6645352591003757e-15, 9.400000000000006, -34.599999999999994], "width": 14.200000000000001, "height": 31}]}