{"elements": [{"name": "body", "pos": [-1.7763568394002505e-15, 0, 0], "width": 19.199999999999992, "height": 22.4},{"name": "head", "pos": [0, 13.700000000000001, 17.700000000000003], "width": 14.400000000000002, "height": 9.600000000000007}]}