{"elements": [{"name": "body", "pos": [0, 0, -1.7763568394002505e-15], "width": 17.6, "height": 28},{"name": "head", "pos": [0, 15.899999999999999, 14.2], "width": 9.6, "height": 24.1},{"name": "tail", "pos": [0, 9.500000000000005, -17], "width": 16, "height": 7.9999999999999805}]}