{"elements": [{"name": "body", "pos": [-1.7763568394002505e-15, 0, -1.5], "width": 13, "height": 15},{"name": "head", "pos": [0, 4.1, 9.899999999999999], "width": 9.4, "height": 11.000000000000002},{"name": "tail", "pos": [0, 4.499999999999998, -11.200000000000003], "width": 6, "height": 9.000000000000002}]}