{"elements": [{"name": "body", "pos": [-0.2000000000000064, 0, 1.2000000000000135], "width": 17.200000000000003, "height": 16.7},{"name": "head", "pos": [0.09999999999999609, 16.700000000000017, 10.09999999999997], "width": 12.600000000000001, "height": 7.999999999999943},{"name": "tail", "pos": [-2.6645352591003757e-15, 10.400000000000002, -12.099999999999998], "width": 8.200000000000001, "height": 7}]}